From	Entry	Sequence	PDB
1J6Z	P68135	MCDEDETTALVCDNGSGLVKAGFAGDDAPRAVFPSIVGRPRHQGVMVGMGQKDSYVGDEAQSKRGILTLKYPIEHGIITNWDDMEKIWHHTFYNELRVAPEEHPTLLTEAPLNPKANREKMTQIMFETFNVPAMYVAIQAVLSLYASGRTTGIVLDSGDGVTHNVPIYEGYALPHAIMRLDLAGRDLTDYLMKILTERGYSFVTTAEREIVRDIKEKLCYVALDFENEMATAASSSSLEKSYELPDGQVITIGNERFRCPETLFQPSFIGMESAGIHETTYNSIMKCDIDIRKDLYANNVMSGGTTMYPGIADRMQKEITALAPSTMKIKIIAPPERKYSVWIGGSILASLSTFQQMWITKQEYDEAGPSIVHRKCF	1ATN;1EQY;1ESV;1H1V;1IJJ;1J6Z;1KXP;1LCU;1LOT;1M8Q;1MA9;1MVW;1NWK;1O18;1O19;1O1A;1O1B;1O1C;1O1D;1O1E;1O1F;1O1G;1P8Z;1QZ5;1QZ6;1RDW;1RFQ;1RGI;1S22;1SQK;1T44;1WUA;1Y64;1YXQ;2A3Z;2A40;2A41;2A42;2A5X;2ASM;2ASO;2ASP;2D1K;2FF3;2FF6;2FXU;2GWJ;2GWK;2HMP;2PAV;2PBD;2Q0R;2Q0U;2Q1N;2Q31;2Q36;2Q97;2V51;2V52;2VCP;2VYP;2W49;2W4U;2Y83;2YJE;2YJF;2ZWH;3B5U;3BUZ;3CJB;3CJC;3DAW;3FFK;3G37;3HBT;3J4K;3J8A;3J8I;3J8J;3J8K;3JBI;3JBJ;3JBK;3M1F;3M3N;3M6G;3MFP;3MN5;3SJH;3TPQ;3TU5;3U8X;3U9Z;3UE5;4A7F;4A7H;4A7L;4A7N;4B1V;4B1W;4B1X;4B1Y;4B1Z;4EAH;4GY2;4H03;4H0T;4H0V;4H0X;4H0Y;4K41;4K42;4K43;4PKG;4PKH;4PKI;4PL8;4V0U;4WYB;4Z94;5H53;5JLF;5KG8;5MVA;5MVY;5ONV;5OOC;5OOD;5OOE;5OOF;5UBO;5YEE;5YPU;5ZZA;5ZZB;6AV9;6AVB;6BIH;6BNO;6BNP;6BNQ;6BNU;6BNV;6BNW;6C1D;6C1G;6C1H;6FHL;6FM2;6GVC;6JBK;6JCU;6JH8;6JH9;6KN7;6KN8;6MGO;6NAS;6NBE;6QRI;6RSW;6T1Y;6T20;6T23;6T24;6T25;6U96;6UBY;6UC0;6UC4;6VAO;6VAU;6VEC;6W17;6W7V;6WVT;6YP9;7AD9;7AHN;7AHQ;7C2F;7C2G;7C2H;7CCC;7NXV;7NZM;7P1G;7PLT;7PLU;7PLV;7PLW;7PLX;7PLY;7PLZ;7PM0;7PM1;7PM2;7PM3;7PM5;7PM6;7PM7;7PM8;7PM9;7PMA;7PMB;7PMC;7PMD;7PME;7PMF;7PMG;7PMH;7PMI;7PMJ;7PML;7TPT;7UTI;7UTJ;7UTL;7UUW;7UXF;7WHF;7WHG;7Z7H;7Z7I;8A2R;8A2S;8A2T;8A2U;8A2Y;8A2Z;8DMX;
1ATN	P00639	MRGTRLMGLLLALAGLLQLGLSLKIAAFNIRTFGETKMSNATLASYIVRIVRRYDIVLIQEVRDSHLVAVGKLLDYLNQDDPNTYHYVVSEPLGRNSYKERYLFLFRPNKVSVLDTYQYDDGCESCGNDSFSREPAVVKFSSHSTKVKEFAIVALHSAPSDAVAEINSLYDVYLDVQQKWHLNDVMLMGDFNADCSYVTSSQWSSIRLRTSSTFQWLIPDSADTTATSTNCAYDRIVVAGSLLQSSVVPGSAAPFDFQAAYGLSNEMALAISDHYPVEVTLT	1ATN;1DNK;2A3Z;2A40;2A41;2A42;2D1K;2DNJ;3CJC;3DNI;3W3D;7NXV;7NZM;
1ATN	P68135	MCDEDETTALVCDNGSGLVKAGFAGDDAPRAVFPSIVGRPRHQGVMVGMGQKDSYVGDEAQSKRGILTLKYPIEHGIITNWDDMEKIWHHTFYNELRVAPEEHPTLLTEAPLNPKANREKMTQIMFETFNVPAMYVAIQAVLSLYASGRTTGIVLDSGDGVTHNVPIYEGYALPHAIMRLDLAGRDLTDYLMKILTERGYSFVTTAEREIVRDIKEKLCYVALDFENEMATAASSSSLEKSYELPDGQVITIGNERFRCPETLFQPSFIGMESAGIHETTYNSIMKCDIDIRKDLYANNVMSGGTTMYPGIADRMQKEITALAPSTMKIKIIAPPERKYSVWIGGSILASLSTFQQMWITKQEYDEAGPSIVHRKCF	1ATN;1EQY;1ESV;1H1V;1IJJ;1J6Z;1KXP;1LCU;1LOT;1M8Q;1MA9;1MVW;1NWK;1O18;1O19;1O1A;1O1B;1O1C;1O1D;1O1E;1O1F;1O1G;1P8Z;1QZ5;1QZ6;1RDW;1RFQ;1RGI;1S22;1SQK;1T44;1WUA;1Y64;1YXQ;2A3Z;2A40;2A41;2A42;2A5X;2ASM;2ASO;2ASP;2D1K;2FF3;2FF6;2FXU;2GWJ;2GWK;2HMP;2PAV;2PBD;2Q0R;2Q0U;2Q1N;2Q31;2Q36;2Q97;2V51;2V52;2VCP;2VYP;2W49;2W4U;2Y83;2YJE;2YJF;2ZWH;3B5U;3BUZ;3CJB;3CJC;3DAW;3FFK;3G37;3HBT;3J4K;3J8A;3J8I;3J8J;3J8K;3JBI;3JBJ;3JBK;3M1F;3M3N;3M6G;3MFP;3MN5;3SJH;3TPQ;3TU5;3U8X;3U9Z;3UE5;4A7F;4A7H;4A7L;4A7N;4B1V;4B1W;4B1X;4B1Y;4B1Z;4EAH;4GY2;4H03;4H0T;4H0V;4H0X;4H0Y;4K41;4K42;4K43;4PKG;4PKH;4PKI;4PL8;4V0U;4WYB;4Z94;5H53;5JLF;5KG8;5MVA;5MVY;5ONV;5OOC;5OOD;5OOE;5OOF;5UBO;5YEE;5YPU;5ZZA;5ZZB;6AV9;6AVB;6BIH;6BNO;6BNP;6BNQ;6BNU;6BNV;6BNW;6C1D;6C1G;6C1H;6FHL;6FM2;6GVC;6JBK;6JCU;6JH8;6JH9;6KN7;6KN8;6MGO;6NAS;6NBE;6QRI;6RSW;6T1Y;6T20;6T23;6T24;6T25;6U96;6UBY;6UC0;6UC4;6VAO;6VAU;6VEC;6W17;6W7V;6WVT;6YP9;7AD9;7AHN;7AHQ;7C2F;7C2G;7C2H;7CCC;7NXV;7NZM;7P1G;7PLT;7PLU;7PLV;7PLW;7PLX;7PLY;7PLZ;7PM0;7PM1;7PM2;7PM3;7PM5;7PM6;7PM7;7PM8;7PM9;7PMA;7PMB;7PMC;7PMD;7PME;7PMF;7PMG;7PMH;7PMI;7PMJ;7PML;7TPT;7UTI;7UTJ;7UTL;7UUW;7UXF;7WHF;7WHG;7Z7H;7Z7I;8A2R;8A2S;8A2T;8A2U;8A2Y;8A2Z;8DMX;
1FIN	P20248	MLGNSAPGPATREAGSALLALQQTALQEDQENINPEKAAPVQQPRTRAALAVLKSGNPRGLAQQQRPKTRRVAPLKDLPVNDEHVTVPPWKANSKQPAFTIHVDEAEKEAQKKPAESQKIEREDALAFNSAISLPGPRKPLVPLDYPMDGSFESPHTMDMSIILEDEKPVSVNEVPDYHEDIHTYLREMEVKCKPKVGYMKKQPDITNSMRAILVDWLVEVGEEYKLQNETLHLAVNYIDRFLSSMSVLRGKLQLVGTAAMLLASKFEEIYPPEVAEFVYITDDTYTKKQVLRMEHLVLKVLTFDLAAPTVNQFLTQYFLHQQPANCKVESLAMFLGELSLIDADPYLKYLPSVIAGAAFHLALYTVTGQSWPESLIRKTGYTLESLKPCLMDLHQTYLKAPQHAQQSIREKYKNSKYHGVSLLNPPETLNL	1E9H;1FIN;1FVV;1GY3;1H1P;1H1Q;1H1R;1H1S;1H24;1H25;1H26;1H27;1H28;1JST;1JSU;1OGU;1OI9;1OIU;1OIY;1OKV;1OKW;1OL1;1OL2;1P5E;1PKD;1QMZ;1URC;1VYW;2BKZ;2BPM;2C4G;2C5N;2C5O;2C5V;2C5X;2C6T;2CCH;2CCI;2CJM;2I40;2IW6;2IW8;2IW9;2UUE;2UZB;2UZD;2UZE;2UZL;2V22;2WEV;2WFY;2WHB;2WIH;2WIP;2WMA;2WMB;2WPA;2WXV;2X1N;3EID;3EJ1;3EOC;3F5X;4BCK;4BCM;4BCN;4BCP;4CFM;4CFN;4CFU;4CFV;4CFW;4CFX;4EOI;4EOJ;4EOK;4EOL;4EOM;4EON;4EOO;4EOP;4EOQ;4EOR;4EOS;4FX3;5CYI;5IF1;5LMK;5NEV;6ATH;6GVA;6P3W;6Q6G;6Q6H;6RIJ;6SG4;7ACK;7B5L;7B5R;7B7S;7LUO;7MKX;7QHL;8B54;
1FIN	P24941	MENFQKVEKIGEGTYGVVYKARNKLTGEVVALKKIRLDTETEGVPSTAIREISLLKELNHPNIVKLLDVIHTENKLYLVFEFLHQDLKKFMDASALTGIPLPLIKSYLFQLLQGLAFCHSHRVLHRDLKPQNLLINTEGAIKLADFGLARAFGVPVRTYTHEVVTLWYRAPEILLGCKYYSTAVDIWSLGCIFAEMVTRRALFPGDSEIDQLFRIFRTLGTPDEVVWPGVTSMPDYKPSFPKWARQDFSKVVPPLDEDGRSLLSQMLHYDPNKRISAKAALAHPFFQDVTKPVPHLRL	1AQ1;1B38;1B39;1BUH;1CKP;1DI8;1DM2;1E1V;1E1X;1E9H;1F5Q;1FIN;1FQ1;1FVT;1FVV;1G5S;1GIH;1GII;1GIJ;1GY3;1GZ8;1H00;1H01;1H07;1H08;1H0V;1H0W;1H1P;1H1Q;1H1R;1H1S;1H24;1H25;1H26;1H27;1H28;1HCK;1HCL;1JST;1JSU;1JSV;1JVP;1KE5;1KE6;1KE7;1KE8;1KE9;1OGU;1OI9;1OIQ;1OIR;1OIT;1OIU;1OIY;1OKV;1OKW;1OL1;1OL2;1P2A;1P5E;1PF8;1PKD;1PW2;1PXI;1PXJ;1PXK;1PXL;1PXM;1PXN;1PXO;1PXP;1PYE;1QMZ;1R78;1URC;1URW;1V1K;1VYW;1VYZ;1W0X;1W8C;1W98;1WCC;1Y8Y;1Y91;1YKR;2A0C;2A4L;2B52;2B53;2B54;2B55;2BHE;2BHH;2BKZ;2BPM;2BTR;2BTS;2C4G;2C5N;2C5O;2C5V;2C5X;2C5Y;2C68;2C69;2C6I;2C6K;2C6L;2C6M;2C6O;2C6T;2CCH;2CCI;2CJM;2CLX;2DS1;2DUV;2EXM;2FVD;2G9X;2I40;2IW6;2IW8;2IW9;2J9M;2JGZ;2R3F;2R3G;2R3H;2R3I;2R3J;2R3K;2R3L;2R3M;2R3N;2R3O;2R3P;2R3Q;2R3R;2R64;2UUE;2UZB;2UZD;2UZE;2UZL;2UZN;2UZO;2V0D;2V22;2VTA;2VTH;2VTI;2VTJ;2VTL;2VTM;2VTN;2VTO;2VTP;2VTQ;2VTR;2VTS;2VTT;2VU3;2VV9;2W05;2W06;2W17;2W1H;2WEV;2WFY;2WHB;2WIH;2WIP;2WMA;2WMB;2WPA;2WXV;2X1N;2XMY;2XNB;3BHT;3BHU;3BHV;3DDP;3DDQ;3DOG;3EID;3EJ1;3EOC;3EZR;3EZV;3F5X;3FZ1;3IG7;3IGG;3LE6;3LFN;3LFQ;3LFS;3MY5;3NS9;3PJ8;3PXF;3PXQ;3PXR;3PXY;3PXZ;3PY0;3PY1;3QHR;3QHW;3QL8;3QQF;3QQG;3QQH;3QQJ;3QQK;3QQL;3QRT;3QRU;3QTQ;3QTR;3QTS;3QTU;3QTW;3QTX;3QTZ;3QU0;3QWJ;3QWK;3QX2;3QX4;3QXO;3QXP;3QZF;3QZG;3QZH;3QZI;3R1Q;3R1S;3R1Y;3R28;3R6X;3R71;3R73;3R7E;3R7I;3R7U;3R7V;3R7Y;3R83;3R8L;3R8M;3R8P;3R8U;3R8V;3R8Z;3R9D;3R9H;3R9N;3R9O;3RAH;3RAI;3RAK;3RAL;3RJC;3RK5;3RK7;3RK9;3RKB;3RM6;3RM7;3RMF;3RNI;3ROY;3RPO;3RPR;3RPV;3RPY;3RZB;3S00;3S0O;3S1H;3S2P;3SQQ;3SW4;3SW7;3TI1;3TIY;3TIZ;3TNW;3ULI;3UNJ;3UNK;3WBL;4ACM;4BCK;4BCM;4BCN;4BCO;4BCP;4BCQ;4BGH;4BZD;4CFM;4CFN;4CFU;4CFV;4CFW;4CFX;4D1X;4D1Z;4EK3;4EK4;4EK5;4EK6;4EK8;4EOI;4EOJ;4EOK;4EOL;4EOM;4EON;4EOO;4EOP;4EOQ;4EOR;4EOS;4ERW;4EZ3;4EZ7;4FKG;4FKI;4FKJ;4FKL;4FKO;4FKP;4FKQ;4FKR;4FKS;4FKT;4FKU;4FKV;4FKW;4FX3;4GCJ;4I3Z;4II5;4KD1;4LYN;4NJ3;4RJ3;5A14;5AND;5ANE;5ANG;5ANI;5ANJ;5ANK;5ANO;5CYI;5D1J;5FP5;5FP6;5IEV;5IEX;5IEY;5IF1;5JQ5;5JQ8;5K4J;5L2W;5LMK;5MHQ;5NEV;5OO0;5OO1;5OO3;5OSJ;5OSM;5UQ1;5UQ2;5UQ3;6ATH;6GUB;6GUC;6GUE;6GUF;6GUH;6GUK;6GVA;6INL;6JGM;6OQI;6P3W;6Q3B;6Q3C;6Q3F;6Q48;6Q49;6Q4A;6Q4B;6Q4C;6Q4D;6Q4E;6Q4F;6Q4G;6Q4H;6Q4I;6Q4J;6Q4K;6RIJ;6SG4;6YL1;6YL6;6YLK;7ACK;7B5L;7B5R;7B7S;7E34;7KJS;7M2F;7MKX;7NVQ;7QHL;7RA5;7RWE;7RWF;7RXO;7S4T;7S7A;7S84;7S85;7S9X;7SA0;7UG1;7UXI;7UXK;7VDU;7ZPC;8B54;8CUR;8H6P;8H6T;
1NBF	P0CG48	MQIFVKTLTGKTITLEVEPSDTIENVKAKIQDKEGIPPDQQRLIFAGKQLEDGRTLSDYNIQKESTLHLVLRLRGGMQIFVKTLTGKTITLEVEPSDTIENVKAKIQDKEGIPPDQQRLIFAGKQLEDGRTLSDYNIQKESTLHLVLRLRGGMQIFVKTLTGKTITLEVEPSDTIENVKAKIQDKEGIPPDQQRLIFAGKQLEDGRTLSDYNIQKESTLHLVLRLRGGMQIFVKTLTGKTITLEVEPSDTIENVKAKIQDKEGIPPDQQRLIFAGKQLEDGRTLSDYNIQKESTLHLVLRLRGGMQIFVKTLTGKTITLEVEPSDTIENVKAKIQDKEGIPPDQQRLIFAGKQLEDGRTLSDYNIQKESTLHLVLRLRGGMQIFVKTLTGKTITLEVEPSDTIENVKAKIQDKEGIPPDQQRLIFAGKQLEDGRTLSDYNIQKESTLHLVLRLRGGMQIFVKTLTGKTITLEVEPSDTIENVKAKIQDKEGIPPDQQRLIFAGKQLEDGRTLSDYNIQKESTLHLVLRLRGGMQIFVKTLTGKTITLEVEPSDTIENVKAKIQDKEGIPPDQQRLIFAGKQLEDGRTLSDYNIQKESTLHLVLRLRGGMQIFVKTLTGKTITLEVEPSDTIENVKAKIQDKEGIPPDQQRLIFAGKQLEDGRTLSDYNIQKESTLHLVLRLRGGV	1C3T;1CMX;1D3Z;1F9J;1FXT;1G6J;1GJZ;1NBF;1OGW;1Q5W;1S1Q;1SIF;1TBE;1UBI;1UBQ;1UD7;1XD3;1XQQ;1YX5;1YX6;1ZGU;2AYO;2BGF;2DEN;2FUH;2G45;2GBJ;2GBK;2GBM;2GBN;2GBR;2GMI;2HTH;2IBI;2J7Q;2JF5;2JRI;2JY6;2JZZ;2K25;2K6D;2K8B;2K8C;2KDF;2KHW;2KJH;2KLG;2KN5;2KX0;2L3Z;2LD9;2LVO;2LVP;2LVQ;2LZ6;2MBO;2MBQ;2MCN;2MI8;2MJ5;2MOR;2MRE;2MWS;2N2K;2NR2;2O6V;2OJR;2PE9;2PEA;2RR9;2RU6;2W9N;2WDT;2XEW;2Y5B;2Z59;2ZCB;2ZVN;2ZVO;3A33;3ALB;3AUL;3B08;3B0A;3BY4;3C0R;3DVG;3DVN;3EEC;3EFU;3EHV;3H7P;3H7S;3HM3;3I3T;3IFW;3IHP;3JSV;3JVZ;3JW0;3K9O;3K9P;3KVF;3KW5;3LDZ;3MHS;3MTN;3N30;3N32;3N3K;3NS8;3O65;3OFI;3OJ3;3OJ4;3ONS;3PRM;3PT2;3PTF;3Q3F;3RUL;3TMP;3U30;3UGB;3V6C;3V6E;3VFK;3VUW;3VUX;3VUY;3WXE;3WXF;3ZLZ;3ZNH;3ZNI;3ZNZ;4AP4;4AUQ;4BOS;4BOZ;4BVU;4DDG;4DDI;4DHJ;4DHZ;4FJV;4HK2;4HXD;4I6L;4I6N;4IG7;4IUM;4JQW;4K1R;4K7S;4K7U;4K7W;4KSK;4KSL;4LCD;4LDT;4MDK;4MM3;4MSM;4MSQ;4NQK;4UN2;4V3K;4V3L;4WZP;4XOK;4XOL;4ZQS;5A5B;5AF4;5AF5;5AF6;5AIT;5AIU;5B83;5C7J;5C7M;5E6J;5H07;5NL4;5NLF;5NLI;5NMC;5OE7;5OHV;5OXH;5OXI;5UDH;5WQ4;5ZQ3;5ZQ4;5ZQ5;5ZQ6;5ZQ7;6A43;6A44;6AQR;6B7M;6B7O;6EQI;6K2U;6KBE;6N13;6N6R;6NQA;6NXK;6OI4;6P5B;6Q00;6QML;6RYA;6S53;6SQR;6T7F;6T9L;6TNF;6TTU;6TUV;6TXB;6ULH;6UMP;6UMS;6UPU;6V5D;6VAE;6VAF;6VEN;6W9D;6W9R;6W9S;6WJD;6WKR;6WTG;6Z7V;7B5L;7B5M;7B5N;7BBD;7BBF;7BXG;7EAL;7EAO;7EB9;7JXV;7K6P;7K6Q;7KEO;7M4M;7M4N;7M4O;7MEX;7MIC;7MYF;7NPI;7OWD;7R70;7TV4;7UV5;7UYH;7ZJ3;8A9J;8A9K;8ADB;8E7O;8EAZ;8EB0;
1NBF	Q93009	MNHQQQQQQQKAGEQQLSEPEDMEMEAGDTDDPPRITQNPVINGNVALSDGHNTAEEDMEDDTSWRSEATFQFTVERFSRLSESVLSPPCFVRNLPWKIMVMPRFYPDRPHQKSVGFFLQCNAESDSTSWSCHAQAVLKIINYRDDEKSFSRRISHLFFHKENDWGFSNFMAWSEVTDPEKGFIDDDKVTFEVFVQADAPHGVAWDSKKHTGYVGLKNQGATCYMNSLLQTLFFTNQLRKAVYMMPTEGDDSSKSVPLALQRVFYELQHSDKPVGTKKLTKSFGWETLDSFMQHDVQELCRVLLDNVENKMKGTCVEGTIPKLFRGKMVSYIQCKEVDYRSDRREDYYDIQLSIKGKKNIFESFVDYVAVEQLDGDNKYDAGEHGLQEAEKGVKFLTLPPVLHLQLMRFMYDPQTDQNIKINDRFEFPEQLPLDEFLQKTDPKDPANYILHAVLVHSGDNHGGHYVVYLNPKGDGKWCKFDDDVVSRCTKEEAIEHNYGGHDDDLSVRHCTNAYMLVYIRESKLSEVLQAVTDHDIPQQLVERLQEEKRIEAQKRKERQEAHLYMQVQIVAEDQFCGHQGNDMYDEEKVKYTVFKVLKNSSLAEFVQSLSQTMGFPQDQIRLWPMQARSNGTKRPAMLDNEADGNKTMIELSDNENPWTIFLETVDPELAASGATLPKFDKDHDVMLFLKMYDPKTRSLNYCGHIYTPISCKIRDLLPVMCDRAGFIQDTSLILYEEVKPNLTERIQDYDVSLDKALDELMDGDIIVFQKDDPENDNSELPTAKEYFRDLYHRVDVIFCDKTIPNDPGFVVTLSNRMNYFQVAKTVAQRLNTDPMLLQFFKSQGYRDGPGNPLRHNYEGTLRDLLQFFKPRQPKKLYYQQLKMKITDFENRRSFKCIWLNSQFREEEITLYPDKHGCVRDLLEECKKAVELGEKASGKLRLLEIVSYKIIGVHQEDELLECLSPATSRTFRIEEIPLDQVDIDKENEMLVTVAHFHKEVFGTFGIPFLLRIHQGEHFREVMKRIQSLLDIQEKEFEKFKFAIVMMGRHQYINEDEYEVNLKDFEPQPGNMSHPRPWLGLDHFNKAPKRSRYTYLEKAIKIHN	1NB8;1NBF;1YY6;1YZE;2F1W;2F1X;2F1Y;2F1Z;2FOJ;2FOO;2FOP;2KVR;2XXN;2YLM;3MQR;3MQS;4JJQ;4KG9;4M5W;4M5X;4PYZ;4WPH;4WPI;4YOC;4YSI;4Z96;4Z97;5C56;5C6D;5FWI;5GG4;5J7T;5JTJ;5JTV;5KYB;5KYC;5KYD;5KYE;5KYF;5N9R;5N9T;5NGE;5NGF;5UQV;5UQX;5VS6;5VSB;5VSK;5WHC;6F5H;6M1K;6P5L;6VN2;6VN3;6VN4;6VN5;6VN6;7CM2;7VIJ;7XHH;7XPY;
1XD3	P0CG48	MQIFVKTLTGKTITLEVEPSDTIENVKAKIQDKEGIPPDQQRLIFAGKQLEDGRTLSDYNIQKESTLHLVLRLRGGMQIFVKTLTGKTITLEVEPSDTIENVKAKIQDKEGIPPDQQRLIFAGKQLEDGRTLSDYNIQKESTLHLVLRLRGGMQIFVKTLTGKTITLEVEPSDTIENVKAKIQDKEGIPPDQQRLIFAGKQLEDGRTLSDYNIQKESTLHLVLRLRGGMQIFVKTLTGKTITLEVEPSDTIENVKAKIQDKEGIPPDQQRLIFAGKQLEDGRTLSDYNIQKESTLHLVLRLRGGMQIFVKTLTGKTITLEVEPSDTIENVKAKIQDKEGIPPDQQRLIFAGKQLEDGRTLSDYNIQKESTLHLVLRLRGGMQIFVKTLTGKTITLEVEPSDTIENVKAKIQDKEGIPPDQQRLIFAGKQLEDGRTLSDYNIQKESTLHLVLRLRGGMQIFVKTLTGKTITLEVEPSDTIENVKAKIQDKEGIPPDQQRLIFAGKQLEDGRTLSDYNIQKESTLHLVLRLRGGMQIFVKTLTGKTITLEVEPSDTIENVKAKIQDKEGIPPDQQRLIFAGKQLEDGRTLSDYNIQKESTLHLVLRLRGGMQIFVKTLTGKTITLEVEPSDTIENVKAKIQDKEGIPPDQQRLIFAGKQLEDGRTLSDYNIQKESTLHLVLRLRGGV	1C3T;1CMX;1D3Z;1F9J;1FXT;1G6J;1GJZ;1NBF;1OGW;1Q5W;1S1Q;1SIF;1TBE;1UBI;1UBQ;1UD7;1XD3;1XQQ;1YX5;1YX6;1ZGU;2AYO;2BGF;2DEN;2FUH;2G45;2GBJ;2GBK;2GBM;2GBN;2GBR;2GMI;2HTH;2IBI;2J7Q;2JF5;2JRI;2JY6;2JZZ;2K25;2K6D;2K8B;2K8C;2KDF;2KHW;2KJH;2KLG;2KN5;2KX0;2L3Z;2LD9;2LVO;2LVP;2LVQ;2LZ6;2MBO;2MBQ;2MCN;2MI8;2MJ5;2MOR;2MRE;2MWS;2N2K;2NR2;2O6V;2OJR;2PE9;2PEA;2RR9;2RU6;2W9N;2WDT;2XEW;2Y5B;2Z59;2ZCB;2ZVN;2ZVO;3A33;3ALB;3AUL;3B08;3B0A;3BY4;3C0R;3DVG;3DVN;3EEC;3EFU;3EHV;3H7P;3H7S;3HM3;3I3T;3IFW;3IHP;3JSV;3JVZ;3JW0;3K9O;3K9P;3KVF;3KW5;3LDZ;3MHS;3MTN;3N30;3N32;3N3K;3NS8;3O65;3OFI;3OJ3;3OJ4;3ONS;3PRM;3PT2;3PTF;3Q3F;3RUL;3TMP;3U30;3UGB;3V6C;3V6E;3VFK;3VUW;3VUX;3VUY;3WXE;3WXF;3ZLZ;3ZNH;3ZNI;3ZNZ;4AP4;4AUQ;4BOS;4BOZ;4BVU;4DDG;4DDI;4DHJ;4DHZ;4FJV;4HK2;4HXD;4I6L;4I6N;4IG7;4IUM;4JQW;4K1R;4K7S;4K7U;4K7W;4KSK;4KSL;4LCD;4LDT;4MDK;4MM3;4MSM;4MSQ;4NQK;4UN2;4V3K;4V3L;4WZP;4XOK;4XOL;4ZQS;5A5B;5AF4;5AF5;5AF6;5AIT;5AIU;5B83;5C7J;5C7M;5E6J;5H07;5NL4;5NLF;5NLI;5NMC;5OE7;5OHV;5OXH;5OXI;5UDH;5WQ4;5ZQ3;5ZQ4;5ZQ5;5ZQ6;5ZQ7;6A43;6A44;6AQR;6B7M;6B7O;6EQI;6K2U;6KBE;6N13;6N6R;6NQA;6NXK;6OI4;6P5B;6Q00;6QML;6RYA;6S53;6SQR;6T7F;6T9L;6TNF;6TTU;6TUV;6TXB;6ULH;6UMP;6UMS;6UPU;6V5D;6VAE;6VAF;6VEN;6W9D;6W9R;6W9S;6WJD;6WKR;6WTG;6Z7V;7B5L;7B5M;7B5N;7BBD;7BBF;7BXG;7EAL;7EAO;7EB9;7JXV;7K6P;7K6Q;7KEO;7M4M;7M4N;7M4O;7MEX;7MIC;7MYF;7NPI;7OWD;7R70;7TV4;7UV5;7UYH;7ZJ3;8A9J;8A9K;8ADB;8E7O;8EAZ;8EB0;
1XD3	P15374	MEGQRWLPLEANPEVTNQFLKQLGLHPNWQFVDVYGMDPELLSMVPRPVCAVLLLFPITEKYEVFRTEEEEKIKSQGQDVTSSVYFMKQTISNACGTIGLIHAIANNKDKMHFESGSTLKKFLEESVSMSPEERARYLENYDAIRVTHETSAHEGQTEAPSIDEKVDLHFIALVHVDGHLYELDGRKPFPINHGETSDETLLEDAIEVCKKFMERDPDELRFNAIALSAA	1UCH;1XD3;6ISU;6QML;7YV4;
2G45	P0CG48	MQIFVKTLTGKTITLEVEPSDTIENVKAKIQDKEGIPPDQQRLIFAGKQLEDGRTLSDYNIQKESTLHLVLRLRGGMQIFVKTLTGKTITLEVEPSDTIENVKAKIQDKEGIPPDQQRLIFAGKQLEDGRTLSDYNIQKESTLHLVLRLRGGMQIFVKTLTGKTITLEVEPSDTIENVKAKIQDKEGIPPDQQRLIFAGKQLEDGRTLSDYNIQKESTLHLVLRLRGGMQIFVKTLTGKTITLEVEPSDTIENVKAKIQDKEGIPPDQQRLIFAGKQLEDGRTLSDYNIQKESTLHLVLRLRGGMQIFVKTLTGKTITLEVEPSDTIENVKAKIQDKEGIPPDQQRLIFAGKQLEDGRTLSDYNIQKESTLHLVLRLRGGMQIFVKTLTGKTITLEVEPSDTIENVKAKIQDKEGIPPDQQRLIFAGKQLEDGRTLSDYNIQKESTLHLVLRLRGGMQIFVKTLTGKTITLEVEPSDTIENVKAKIQDKEGIPPDQQRLIFAGKQLEDGRTLSDYNIQKESTLHLVLRLRGGMQIFVKTLTGKTITLEVEPSDTIENVKAKIQDKEGIPPDQQRLIFAGKQLEDGRTLSDYNIQKESTLHLVLRLRGGMQIFVKTLTGKTITLEVEPSDTIENVKAKIQDKEGIPPDQQRLIFAGKQLEDGRTLSDYNIQKESTLHLVLRLRGGV	1C3T;1CMX;1D3Z;1F9J;1FXT;1G6J;1GJZ;1NBF;1OGW;1Q5W;1S1Q;1SIF;1TBE;1UBI;1UBQ;1UD7;1XD3;1XQQ;1YX5;1YX6;1ZGU;2AYO;2BGF;2DEN;2FUH;2G45;2GBJ;2GBK;2GBM;2GBN;2GBR;2GMI;2HTH;2IBI;2J7Q;2JF5;2JRI;2JY6;2JZZ;2K25;2K6D;2K8B;2K8C;2KDF;2KHW;2KJH;2KLG;2KN5;2KX0;2L3Z;2LD9;2LVO;2LVP;2LVQ;2LZ6;2MBO;2MBQ;2MCN;2MI8;2MJ5;2MOR;2MRE;2MWS;2N2K;2NR2;2O6V;2OJR;2PE9;2PEA;2RR9;2RU6;2W9N;2WDT;2XEW;2Y5B;2Z59;2ZCB;2ZVN;2ZVO;3A33;3ALB;3AUL;3B08;3B0A;3BY4;3C0R;3DVG;3DVN;3EEC;3EFU;3EHV;3H7P;3H7S;3HM3;3I3T;3IFW;3IHP;3JSV;3JVZ;3JW0;3K9O;3K9P;3KVF;3KW5;3LDZ;3MHS;3MTN;3N30;3N32;3N3K;3NS8;3O65;3OFI;3OJ3;3OJ4;3ONS;3PRM;3PT2;3PTF;3Q3F;3RUL;3TMP;3U30;3UGB;3V6C;3V6E;3VFK;3VUW;3VUX;3VUY;3WXE;3WXF;3ZLZ;3ZNH;3ZNI;3ZNZ;4AP4;4AUQ;4BOS;4BOZ;4BVU;4DDG;4DDI;4DHJ;4DHZ;4FJV;4HK2;4HXD;4I6L;4I6N;4IG7;4IUM;4JQW;4K1R;4K7S;4K7U;4K7W;4KSK;4KSL;4LCD;4LDT;4MDK;4MM3;4MSM;4MSQ;4NQK;4UN2;4V3K;4V3L;4WZP;4XOK;4XOL;4ZQS;5A5B;5AF4;5AF5;5AF6;5AIT;5AIU;5B83;5C7J;5C7M;5E6J;5H07;5NL4;5NLF;5NLI;5NMC;5OE7;5OHV;5OXH;5OXI;5UDH;5WQ4;5ZQ3;5ZQ4;5ZQ5;5ZQ6;5ZQ7;6A43;6A44;6AQR;6B7M;6B7O;6EQI;6K2U;6KBE;6N13;6N6R;6NQA;6NXK;6OI4;6P5B;6Q00;6QML;6RYA;6S53;6SQR;6T7F;6T9L;6TNF;6TTU;6TUV;6TXB;6ULH;6UMP;6UMS;6UPU;6V5D;6VAE;6VAF;6VEN;6W9D;6W9R;6W9S;6WJD;6WKR;6WTG;6Z7V;7B5L;7B5M;7B5N;7BBD;7BBF;7BXG;7EAL;7EAO;7EB9;7JXV;7K6P;7K6Q;7KEO;7M4M;7M4N;7M4O;7MEX;7MIC;7MYF;7NPI;7OWD;7R70;7TV4;7UV5;7UYH;7ZJ3;8A9J;8A9K;8ADB;8E7O;8EAZ;8EB0;
2G45	P45974	MAELSEEALLSVLPTIRVPKAGDRVHKDECAFSFDTPESEGGLYICMNTFLGFGKQYVERHFNKTGQRVYLHLRRTRRPKEEDPATGTGDPPRKKPTRLAIGVEGGFDLSEEKFELDEDVKIVILPDYLEIARDGLGGLPDIVRDRVTSAVEALLSADSASRKQEVQAWDGEVRQVSKHAFSLKQLDNPARIPPCGWKCSKCDMRENLWLNLTDGSILCGRRYFDGSGGNNHAVEHYRETGYPLAVKLGTITPDGADVYSYDEDDMVLDPSLAEHLSHFGIDMLKMQKTDKTMTELEIDMNQRIGEWELIQESGVPLKPLFGPGYTGIRNLGNSCYLNSVVQVLFSIPDFQRKYVDKLEKIFQNAPTDPTQDFSTQVAKLGHGLLSGEYSKPVPESGDGERVPEQKEVQDGIAPRMFKALIGKGHPEFSTNRQQDAQEFFLHLINMVERNCRSSENPNEVFRFLVEEKIKCLATEKVKYTQRVDYIMQLPVPMDAALNKEELLEYEEKKRQAEEEKMALPELVRAQVPFSSCLEAYGAPEQVDDFWSTALQAKSVAVKTTRFASFPDYLVIQIKKFTFGLDWVPKKLDVSIEMPEELDISQLRGTGLQPGEEELPDIAPPLVTPDEPKGSLGFYGNEDEDSFCSPHFSSPTSPMLDESVIIQLVEMGFPMDACRKAVYYTGNSGAEAAMNWVMSHMDDPDFANPLILPGSSGPGSTSAAADPPPEDCVTTIVSMGFSRDQALKALRATNNSLERAVDWIFSHIDDLDAEAAMDISEGRSAADSISESVPVGPKVRDGPGKYQLFAFISHMGTSTMCGHYVCHIKKEGRWVIYNDQKVCASEKPPKDLGYIYFYQRVAS	2DAG;2DAK;2G43;2G45;3IHP;6DXH;6DXT;6NFT;6P9G;7MS5;7MS6;7MS7;
2HTH	P0CG48	MQIFVKTLTGKTITLEVEPSDTIENVKAKIQDKEGIPPDQQRLIFAGKQLEDGRTLSDYNIQKESTLHLVLRLRGGMQIFVKTLTGKTITLEVEPSDTIENVKAKIQDKEGIPPDQQRLIFAGKQLEDGRTLSDYNIQKESTLHLVLRLRGGMQIFVKTLTGKTITLEVEPSDTIENVKAKIQDKEGIPPDQQRLIFAGKQLEDGRTLSDYNIQKESTLHLVLRLRGGMQIFVKTLTGKTITLEVEPSDTIENVKAKIQDKEGIPPDQQRLIFAGKQLEDGRTLSDYNIQKESTLHLVLRLRGGMQIFVKTLTGKTITLEVEPSDTIENVKAKIQDKEGIPPDQQRLIFAGKQLEDGRTLSDYNIQKESTLHLVLRLRGGMQIFVKTLTGKTITLEVEPSDTIENVKAKIQDKEGIPPDQQRLIFAGKQLEDGRTLSDYNIQKESTLHLVLRLRGGMQIFVKTLTGKTITLEVEPSDTIENVKAKIQDKEGIPPDQQRLIFAGKQLEDGRTLSDYNIQKESTLHLVLRLRGGMQIFVKTLTGKTITLEVEPSDTIENVKAKIQDKEGIPPDQQRLIFAGKQLEDGRTLSDYNIQKESTLHLVLRLRGGMQIFVKTLTGKTITLEVEPSDTIENVKAKIQDKEGIPPDQQRLIFAGKQLEDGRTLSDYNIQKESTLHLVLRLRGGV	1C3T;1CMX;1D3Z;1F9J;1FXT;1G6J;1GJZ;1NBF;1OGW;1Q5W;1S1Q;1SIF;1TBE;1UBI;1UBQ;1UD7;1XD3;1XQQ;1YX5;1YX6;1ZGU;2AYO;2BGF;2DEN;2FUH;2G45;2GBJ;2GBK;2GBM;2GBN;2GBR;2GMI;2HTH;2IBI;2J7Q;2JF5;2JRI;2JY6;2JZZ;2K25;2K6D;2K8B;2K8C;2KDF;2KHW;2KJH;2KLG;2KN5;2KX0;2L3Z;2LD9;2LVO;2LVP;2LVQ;2LZ6;2MBO;2MBQ;2MCN;2MI8;2MJ5;2MOR;2MRE;2MWS;2N2K;2NR2;2O6V;2OJR;2PE9;2PEA;2RR9;2RU6;2W9N;2WDT;2XEW;2Y5B;2Z59;2ZCB;2ZVN;2ZVO;3A33;3ALB;3AUL;3B08;3B0A;3BY4;3C0R;3DVG;3DVN;3EEC;3EFU;3EHV;3H7P;3H7S;3HM3;3I3T;3IFW;3IHP;3JSV;3JVZ;3JW0;3K9O;3K9P;3KVF;3KW5;3LDZ;3MHS;3MTN;3N30;3N32;3N3K;3NS8;3O65;3OFI;3OJ3;3OJ4;3ONS;3PRM;3PT2;3PTF;3Q3F;3RUL;3TMP;3U30;3UGB;3V6C;3V6E;3VFK;3VUW;3VUX;3VUY;3WXE;3WXF;3ZLZ;3ZNH;3ZNI;3ZNZ;4AP4;4AUQ;4BOS;4BOZ;4BVU;4DDG;4DDI;4DHJ;4DHZ;4FJV;4HK2;4HXD;4I6L;4I6N;4IG7;4IUM;4JQW;4K1R;4K7S;4K7U;4K7W;4KSK;4KSL;4LCD;4LDT;4MDK;4MM3;4MSM;4MSQ;4NQK;4UN2;4V3K;4V3L;4WZP;4XOK;4XOL;4ZQS;5A5B;5AF4;5AF5;5AF6;5AIT;5AIU;5B83;5C7J;5C7M;5E6J;5H07;5NL4;5NLF;5NLI;5NMC;5OE7;5OHV;5OXH;5OXI;5UDH;5WQ4;5ZQ3;5ZQ4;5ZQ5;5ZQ6;5ZQ7;6A43;6A44;6AQR;6B7M;6B7O;6EQI;6K2U;6KBE;6N13;6N6R;6NQA;6NXK;6OI4;6P5B;6Q00;6QML;6RYA;6S53;6SQR;6T7F;6T9L;6TNF;6TTU;6TUV;6TXB;6ULH;6UMP;6UMS;6UPU;6V5D;6VAE;6VAF;6VEN;6W9D;6W9R;6W9S;6WJD;6WKR;6WTG;6Z7V;7B5L;7B5M;7B5N;7BBD;7BBF;7BXG;7EAL;7EAO;7EB9;7JXV;7K6P;7K6Q;7KEO;7M4M;7M4N;7M4O;7MEX;7MIC;7MYF;7NPI;7OWD;7R70;7TV4;7UV5;7UYH;7ZJ3;8A9J;8A9K;8ADB;8E7O;8EAZ;8EB0;
2HTH	Q86VN1	MDRFVWTSGLLEINETLVIQQRGVRIYDGEEKIKFDAGTLLLSTHRLIWRDQKNHECCMAILLSQIVFIEEQAAGIGKSAKIVVHLHPAPPNKEPGPFQSSKNSYIKLSFKEHGQIEFYRRLSEEMTQRRWENMPVSQSLQTNRGPQPGRIRAVGIVGIERKLEEKRKETDKNISEAFEDLSKLMIKAKEMVELSKSIANKIKDKQGDITEDETIRFKSYLLSMGIANPVTRETYGSGTQYHMQLAKQLAGILQVPLEERGGIMSLTEVYCLVNRARGMELLSPEDLVNACKMLEALKLPLRLRVFDSGVMVIELQSHKEEEMVASALETVSEKGSLTSEEFAKLVGMSVLLAKERLLLAEKMGHLCRDDSVEGLRFYPNLFMTQS	2HTH;2ZME;3CUQ;
4UN2	P48510	MSLNIHIKSGQDKWEVNVAPESTVLQFKEAINKANGIPVANQRLIYSGKILKDDQTVESYHIQDGHSVHLVKSQPKPQTASAAGANNATATGAAAGTGATPNMSSGQSAGFNPLADLTSARYAGYLNMPSADMFGPDGGALNNDSNNQDELLRMMENPIFQSQMNEMLSNPQMLDFMIQSNPQLQAMGPQARQMLQSPMFRQMLTNPDMIRQSMQFARMMDPNAGMGSAGGAASAFPAPGGDAPEEGSNTNTTSSSNTGNNAGTNAGTNAGANTAANPFASLLNPALNPFANAGNAASTGMPAFDPALLASMFQPPVQASQAEDTRPPEERYEHQLRQLNDMGFFDFDRNVAALRRSGGSVQGALDSLLNGDV	1WR1;2BWB;2BWE;2BWF;3M63;4UN2;
4UN2	P0CG48	MQIFVKTLTGKTITLEVEPSDTIENVKAKIQDKEGIPPDQQRLIFAGKQLEDGRTLSDYNIQKESTLHLVLRLRGGMQIFVKTLTGKTITLEVEPSDTIENVKAKIQDKEGIPPDQQRLIFAGKQLEDGRTLSDYNIQKESTLHLVLRLRGGMQIFVKTLTGKTITLEVEPSDTIENVKAKIQDKEGIPPDQQRLIFAGKQLEDGRTLSDYNIQKESTLHLVLRLRGGMQIFVKTLTGKTITLEVEPSDTIENVKAKIQDKEGIPPDQQRLIFAGKQLEDGRTLSDYNIQKESTLHLVLRLRGGMQIFVKTLTGKTITLEVEPSDTIENVKAKIQDKEGIPPDQQRLIFAGKQLEDGRTLSDYNIQKESTLHLVLRLRGGMQIFVKTLTGKTITLEVEPSDTIENVKAKIQDKEGIPPDQQRLIFAGKQLEDGRTLSDYNIQKESTLHLVLRLRGGMQIFVKTLTGKTITLEVEPSDTIENVKAKIQDKEGIPPDQQRLIFAGKQLEDGRTLSDYNIQKESTLHLVLRLRGGMQIFVKTLTGKTITLEVEPSDTIENVKAKIQDKEGIPPDQQRLIFAGKQLEDGRTLSDYNIQKESTLHLVLRLRGGMQIFVKTLTGKTITLEVEPSDTIENVKAKIQDKEGIPPDQQRLIFAGKQLEDGRTLSDYNIQKESTLHLVLRLRGGV	1C3T;1CMX;1D3Z;1F9J;1FXT;1G6J;1GJZ;1NBF;1OGW;1Q5W;1S1Q;1SIF;1TBE;1UBI;1UBQ;1UD7;1XD3;1XQQ;1YX5;1YX6;1ZGU;2AYO;2BGF;2DEN;2FUH;2G45;2GBJ;2GBK;2GBM;2GBN;2GBR;2GMI;2HTH;2IBI;2J7Q;2JF5;2JRI;2JY6;2JZZ;2K25;2K6D;2K8B;2K8C;2KDF;2KHW;2KJH;2KLG;2KN5;2KX0;2L3Z;2LD9;2LVO;2LVP;2LVQ;2LZ6;2MBO;2MBQ;2MCN;2MI8;2MJ5;2MOR;2MRE;2MWS;2N2K;2NR2;2O6V;2OJR;2PE9;2PEA;2RR9;2RU6;2W9N;2WDT;2XEW;2Y5B;2Z59;2ZCB;2ZVN;2ZVO;3A33;3ALB;3AUL;3B08;3B0A;3BY4;3C0R;3DVG;3DVN;3EEC;3EFU;3EHV;3H7P;3H7S;3HM3;3I3T;3IFW;3IHP;3JSV;3JVZ;3JW0;3K9O;3K9P;3KVF;3KW5;3LDZ;3MHS;3MTN;3N30;3N32;3N3K;3NS8;3O65;3OFI;3OJ3;3OJ4;3ONS;3PRM;3PT2;3PTF;3Q3F;3RUL;3TMP;3U30;3UGB;3V6C;3V6E;3VFK;3VUW;3VUX;3VUY;3WXE;3WXF;3ZLZ;3ZNH;3ZNI;3ZNZ;4AP4;4AUQ;4BOS;4BOZ;4BVU;4DDG;4DDI;4DHJ;4DHZ;4FJV;4HK2;4HXD;4I6L;4I6N;4IG7;4IUM;4JQW;4K1R;4K7S;4K7U;4K7W;4KSK;4KSL;4LCD;4LDT;4MDK;4MM3;4MSM;4MSQ;4NQK;4UN2;4V3K;4V3L;4WZP;4XOK;4XOL;4ZQS;5A5B;5AF4;5AF5;5AF6;5AIT;5AIU;5B83;5C7J;5C7M;5E6J;5H07;5NL4;5NLF;5NLI;5NMC;5OE7;5OHV;5OXH;5OXI;5UDH;5WQ4;5ZQ3;5ZQ4;5ZQ5;5ZQ6;5ZQ7;6A43;6A44;6AQR;6B7M;6B7O;6EQI;6K2U;6KBE;6N13;6N6R;6NQA;6NXK;6OI4;6P5B;6Q00;6QML;6RYA;6S53;6SQR;6T7F;6T9L;6TNF;6TTU;6TUV;6TXB;6ULH;6UMP;6UMS;6UPU;6V5D;6VAE;6VAF;6VEN;6W9D;6W9R;6W9S;6WJD;6WKR;6WTG;6Z7V;7B5L;7B5M;7B5N;7BBD;7BBF;7BXG;7EAL;7EAO;7EB9;7JXV;7K6P;7K6Q;7KEO;7M4M;7M4N;7M4O;7MEX;7MIC;7MYF;7NPI;7OWD;7R70;7TV4;7UV5;7UYH;7ZJ3;8A9J;8A9K;8ADB;8E7O;8EAZ;8EB0;
1G0X	Q8NHL6	MTPILTVLICLGLSLGPRTHVQAGHLPKPTLWAEPGSVITQGSPVTLRCQGGQETQEYRLYREKKTALWITRIPQELVKKGQFPIPSITWEHAGRYRCYYGSDTAGRSESSDPLELVVTGAYIKPTLSAQPSPVVNSGGNVILQCDSQVAFDGFSLCKEGEDEHPQCLNSQPHARGSSRAIFSVGPVSPSRRWWYRCYAYDSNSPYEWSLPSDLLELLVLGVSKKPSLSVQPGPIVAPEETLTLQCGSDAGYNRFVLYKDGERDFLQLAGAQPQAGLSQANFTLGPVSRSYGGQYRCYGAHNLSSEWSAPSDPLDILIAGQFYDRVSLSVQPGPTVASGENVTLLCQSQGWMQTFLLTKEGAADDPWRLRSTYQSQKYQAEFPMGPVTSAHAGTYRCYGSQSSKPYLLTHPSDPLELVVSGPSGGPSSPTTGPTSTSGPEDQPLTPTGSDPQSGLGRHLGVVIGILVAVILLLLLLLLLFLILRHRRQGKHWTSTQRKADFQHPAGAVGPEPTDRGLQWRSSPAADAQEENLYAAVKHTQPEDGVEMDTRSPHDEDPQAVTYAEVKHSRPRREMASPPSPLSGEFLDTKDRQAEEDRQMDTEAAASEAPQDVTYAQLHSLTLRREATEPPPSQEGPSPAVPSIYATLAIH	1G0X;1P7Q;1UFU;1UGN;1VDG;3D2U;4LL9;4NO0;5KNM;6AEE;6EWA;6EWC;6EWO;6K60;6ZDX;7KFK;
1P7Q	P12499	MGARASVLSGGKLDAWEKIRLRPGGKKKYRLKHLVWASRELERFALNPGLLETSDGCKQIIGQLQPAIRTGSEELRSLFNTVATLYCVHERIEVKDTKEALEKMEEEQNKSKNKKAQQAAADAGNNSQVSQNYPIVQNLQGQMVHQAISPRTLNAWVKVIEEKAFSPEVIPMFSALSEGATPQDLNTMLNTVGGHQAAMQMLKETINEEAAEWDRLHPVHAGPIAPGQMREPRGSDIAGTTSTLQEQIAWMTSNPPIPVGEIYKRWIILGLNKIVRMYSPVSILDIRQGPKEPFRDYVDRFYKTLRAEQASQEVKGWMTETLLVQNANPDCKTILKALGPQATLEEMMTACQGVGGPSHKARVLAEAMSQATNSAAAVMMQRGNFKGPRKTIKCFNCGKEGHIAKNCRAPRRKGCWKCGKEGHQLKDCTERQANFLREDLAFPQGKAGELSSEQTRANSPTSRELRVWGRDNPLSETGAERQGTVSFNCPQITLWQRPLVTIKIGGQLKEALLDTGADDTVLEEMNLPGKWKPKMIGGIGGFIKVRQYDQILIEICGHKAIGTVLVGPTPVNIIGRNLLTQIGCTLNFPISPIETVPVKLKPGMDGPKVKQWPLTEEKIKALTEICTEMEKEGKISRVGPENPYNTPIFAIKKKDSTKWRKLVDFRELNKRTQDFWEVQLGIPHPAGLKKKKSVTVLDVGDAYFSVPLDKDFRKYTAFTIPSINNETPGIRYQYNVLPQGWKGSPAIFQSSMTKILEPFRKQNPEIVIYQYMDDLYVGSDLEIGQHRTKIEELREHLLRWGFTTPDKKHQKEPPFLWMGYELHPDKWTVQSIKLPEKESWTVNDIQKLVGKLNWASQIYPGIKVRQLCKLLRGTKALTEVIPLTEEAELELAENREILKEPVHGVYYDPSKDLIAEIQKQGHGQWTYQIYQEPFKNLKTGKYARMRGAHTNDVKQLAEVVQKISTESIVIWGKTPKFRLPIQKETWETWWVEYWQATWIPEWEFVNTPPLVKLWYQLEKEPIIGAETFYVDGAANRETKLGKAGYVTDRGRQKVVPFTDTTNQKTELQAINLALQDSGLEVNIVTDSQYALGIIQAQPDKSESELVSQIIEQLIKKEKVYLAWVPAHKGIGGNEQVDKLVSQGIRKVLFLDGIDKAQEEHEKYHNNWRAMASDFNLPPVVAKEIVASCDKCQLKGEAMHGQVDCSPGIWQLDCTHLEGKVILVAVHVASGYIEAEVIPAETGQETAYFILKLAGRWPVKIVHTDNGSNFTSAAVKAACWWAGIKQEFGIPYNPQSQGVVESMNKELKKIIGQVRDQAEHLKTAVQMAVFIHNFKRKGGIGGYSAGERIIDIIATDIQTKELQKQITKIQNFRVYYRDSRDPIWKGPAKLLWKGEGAVVIQDNSDIKVVPRRKVKIIRDYGKQMAGDDCVASRQDED	1E28;1HXW;1P7Q;1PRO;1Q94;1VIJ;1VIK;2WKZ;2WL0;2XYE;2XYF;3KF0;3KFN;3KFP;3KFR;3KFS;3W39;4DQB;4DQC;4DQE;4DQF;4DQG;4DQH;4E43;4EJ8;4EJD;4EJK;4EJL;4K4P;4K4Q;4K4R;
1P7Q	P04439	MAVMAPRTLLLLLSGALALTQTWAGSHSMRYFFTSVSRPGRGEPRFIAVGYVDDTQFVRFDSDAASQRMEPRAPWIEQEGPEYWDQETRNVKAQSQTDRVDLGTLRGYYNQSEAGSHTIQIMYGCDVGSDGRFLRGYRQDAYDGKDYIALNEDLRSWTAADMAAQITKRKWEAAHEAEQLRAYLDGTCVEWLRRYLENGKETLQRTDPPKTHMTHHPISDHEATLRCWALGFYPAEITLTWQRDGEDQTQDTELVETRPAGDGTFQKWAAVVVPSGEEQRYTCHVQHEGLPKPLTLRWELSSQPTIPIVGIIAGLVLLGAVITGAVVAAVMWRRKSSDRKGGSYTQAASSDSAQGSDVSLTACKV	1AKJ;1AO7;1AQD;1B0G;1B0R;1BD2;1DUY;1DUZ;1EEY;1EEZ;1HHG;1HHH;1HHI;1HHJ;1HHK;1HLA;1HSB;1I1F;1I1Y;1I4F;1I7R;1I7T;1I7U;1IM3;1JF1;1JHT;1LP9;1OGA;1P7Q;1Q94;1QEW;1QR1;1QRN;1QSE;1QSF;1QVO;1S8D;1S9W;1S9X;1S9Y;1T1W;1T1X;1T1Y;1T1Z;1T20;1T21;1T22;1TMC;1TVB;1TVH;1W72;1X7Q;2AV1;2AV7;2BCK;2BNQ;2BNR;2C7U;2CLR;2F53;2F54;2GIT;2GJ6;2GT9;2GTW;2GTZ;2GUO;2HLA;2HN7;2J8U;2JCC;2P5E;2P5W;2PYE;2UWE;2V2W;2V2X;2VLJ;2VLK;2VLL;2VLR;2X4N;2X4O;2X4P;2X4Q;2X4R;2X4S;2X4T;2X4U;2X70;2XPG;3BGM;3BH8;3BH9;3BHB;3BO8;3D25;3D39;3D3V;3FQN;3FQR;3FQT;3FQU;3FQW;3FQX;3FT2;3FT3;3FT4;3GIV;3GJF;3GSN;3GSO;3GSQ;3GSR;3GSU;3GSV;3GSW;3GSX;3H7B;3H9H;3H9S;3HAE;3HLA;3HPJ;3I6G;3I6K;3I6L;3IXA;3KLA;3MGO;3MGT;3MR9;3MRB;3MRC;3MRD;3MRE;3MRF;3MRG;3MRH;3MRI;3MRJ;3MRK;3MRL;3MRM;3MRN;3MRO;3MRP;3MRQ;3MRR;3MYJ;3NFN;3O3A;3O3B;3O3D;3O3E;3O4L;3PWJ;3PWL;3PWN;3PWP;3QDG;3QDJ;3QDM;3QEQ;3QFD;3QFJ;3QZW;3REW;3RL1;3RL2;3TO2;3UTQ;3UTS;3UTT;3V5D;3V5H;3V5K;3VXM;3VXN;3VXO;3VXP;3VXR;3VXS;3VXU;3W0W;3WL9;3WLB;4E5X;4EMZ;4EN2;4EUP;4F7M;4F7P;4F7T;4FTV;4GKN;4GKS;4HWZ;4HX1;4I48;4I4W;4JFD;4JFE;4JFF;4JFO;4JFP;4JFQ;4K7F;4L29;4L3C;4L3E;4MJ5;4MJ6;4MNQ;4N8V;4NNX;4NNY;4NO0;4NO2;4NO3;4NO5;4NQV;4NQX;4OV5;4QOK;4U6X;4U6Y;4UQ2;4UQ3;4WJ5;4WU5;4WU7;4WUU;5BRZ;5BS0;5C07;5C08;5C09;5C0A;5C0B;5C0C;5C0D;5C0E;5C0F;5C0G;5C0I;5C0J;5D2L;5D2N;5D9S;5DDH;5E00;5E6I;5E9D;5ENW;5EOT;5EU3;5EU4;5EU5;5EU6;5EUO;5F7D;5F9J;5FA3;5FA4;5FDW;5GRD;5GRG;5GSD;5HGA;5HGB;5HGD;5HGH;5HHM;5HHN;5HHO;5HHP;5HHQ;5HYJ;5IRO;5ISZ;5JHD;5JZI;5MEN;5MEO;5MEP;5MEQ;5MER;5N1Y;5N6B;5NHT;5NME;5NMF;5NMG;5NMH;5NMK;5NQK;5SWQ;5TEZ;5W1W;5WJL;5WJN;5WKF;5WKH;5WSH;5WWI;5WWJ;5WWU;5WXC;5WXD;5XOV;5YXN;5YXU;6AM5;6AMT;6AMU;6APN;6AT9;6D78;6D7G;6DKP;6EI2;6ENY;6EQA;6EQB;6EWA;6EWC;6EWO;6G3J;6G3K;6ID4;6J1W;6J29;6J2A;6JOZ;6JP3;6MPP;6NCA;6O9B;6O9C;6OPD;6PBH;6PTB;6PTE;6Q3K;6Q3S;6R2L;6RP9;6RPA;6RPB;6RSY;6SS7;6SS8;6SS9;6SSA;7L1B;7L1C;7L1D;7MLE;7PHR;7QPD;7RK7;7RM4;7RRG;7UC5;7UX3;8D9R;8D9S;8D9T;8D9U;8D9V;
1P7Q	P61769	MSRSVALAVLALLSLSGLEAIQRTPKIQVYSRHPAENGKSNFLNCYVSGFHPSDIEVDLLKNGERIEKVEHSDLSFSKDWSFYLLYYTEFTPTEKDEYACRVNHVTLSQPKIVKWDRDM	1A1M;1A1N;1A1O;1A6Z;1A9B;1A9E;1AGB;1AGC;1AGD;1AGE;1AGF;1AKJ;1AO7;1B0G;1B0R;1BD2;1C16;1CE6;1CG9;1DE4;1DUY;1DUZ;1E27;1E28;1EEY;1EEZ;1EFX;1EXU;1GZP;1GZQ;1HHG;1HHH;1HHI;1HHJ;1HHK;1HLA;1HSA;1HSB;1I1F;1I1Y;1I4F;1I7R;1I7T;1I7U;1IM3;1IM9;1JF1;1JGD;1JGE;1JHT;1JNJ;1K5N;1KPR;1KTL;1LDS;1LP9;1M05;1M6O;1MHE;1MI5;1N2R;1OF2;1OGA;1OGT;1ONQ;1P7Q;1PY4;1Q94;1QEW;1QLF;1QQD;1QR1;1QRN;1QSE;1QSF;1QVO;1R3H;1S8D;1S9W;1S9X;1S9Y;1SYS;1SYV;1T1W;1T1X;1T1Y;1T1Z;1T20;1T21;1T22;1TMC;1TVB;1TVH;1UQS;1UXS;1UXW;1VGK;1W0V;1W0W;1W72;1X7Q;1XH3;1XR8;1XR9;1XZ0;1YDP;1YPZ;1ZHK;1ZHL;1ZS8;1ZSD;1ZT4;1ZVS;2A83;2AK4;2AV1;2AV7;2AXF;2AXG;2BCK;2BNQ;2BNR;2BSR;2BSS;2BST;2BVO;2BVP;2BVQ;2C7U;2CII;2CIK;2CLR;2D31;2D4D;2D4F;2DYP;2E8D;2ESV;2F53;2F54;2F74;2F8O;2FYY;2FZ3;2GIT;2GJ6;2GT9;2GTW;2GTZ;2GUO;2H26;2H6P;2HJK;2HJL;2HLA;2HN7;2J8U;2JCC;2NW3;2NX5;2P5E;2P5W;2PO6;2PYE;2RFX;2UWE;2V2W;2V2X;2VB5;2VLJ;2VLK;2VLL;2VLR;2X4N;2X4O;2X4P;2X4Q;2X4R;2X4S;2X4T;2X4U;2X70;2X89;2XKS;2XKU;2XPG;2YPK;2YPL;2YXF;2Z9T;3AM8;3B3I;3B6S;3BGM;3BH8;3BH9;3BHB;3BO8;3BP4;3BP7;3BVN;3BW9;3BWA;3BXN;3BZE;3BZF;3C9N;3CDG;3CII;3CIQ;3CZF;3D18;3D25;3D2U;3D39;3D3V;3DBX;3DHJ;3DHM;3DTX;3DX6;3DX7;3DX8;3DXA;3EKC;3FFC;3FQN;3FQR;3FQT;3FQU;3FQW;3FQX;3FT2;3FT3;3FT4;3GIV;3GJF;3GSN;3GSO;3GSQ;3GSR;3GSU;3GSV;3GSW;3GSX;3H7B;3H9H;3H9S;3HAE;3HCV;3HG1;3HLA;3HPJ;3HUJ;3I6G;3I6K;3I6L;3IB4;3IXA;3JTS;3KLA;3KPL;3KPM;3KPN;3KPO;3KPP;3KPQ;3KPR;3KPS;3KWW;3KXF;3KYN;3KYO;3L3D;3L3G;3L3I;3L3J;3L3K;3LKN;3LKO;3LKP;3LKQ;3LKR;3LKS;3LN4;3LN5;3LOW;3LOZ;3LV3;3M17;3M1B;3MGO;3MGT;3MR9;3MRB;3MRC;3MRD;3MRE;3MRF;3MRG;3MRH;3MRI;3MRJ;3MRK;3MRL;3MRM;3MRN;3MRO;3MRP;3MRQ;3MRR;3MV7;3MV8;3MV9;3MYJ;3MYZ;3MZT;3NA4;3NFN;3O3A;3O3B;3O3D;3O3E;3O4L;3OV6;3OX8;3OXR;3OXS;3PWJ;3PWL;3PWN;3PWP;3QDA;3QDG;3QDJ;3QDM;3QEQ;3QFD;3QFJ;3QZW;3REW;3RL1;3RL2;3RWJ;3S6C;3SDX;3SJV;3SKM;3SKO;3SPV;3T8X;3TID;3TIE;3TLR;3TM6;3TO2;3TZV;3U0P;3UPR;3UTQ;3UTS;3UTT;3V5D;3V5H;3V5K;3VCL;3VFM;3VFN;3VFO;3VFP;3VFR;3VFS;3VFT;3VFU;3VFV;3VFW;3VH8;3VRI;3VRJ;3VWJ;3VWK;3VXM;3VXN;3VXO;3VXP;3VXR;3VXS;3VXU;3W0W;3W39;3WL9;3WLB;3WUW;3X11;3X12;3X13;3X14;4E0K;4E0L;4E5X;4EN3;4EUP;4F7M;4F7P;4F7T;4FTV;4FXL;4G8G;4G8I;4G9D;4G9F;4GKN;4GKS;4GUP;4HKJ;4HWZ;4HX1;4I48;4I4W;4JFD;4JFE;4JFF;4JFO;4JFP;4JFQ;4JQV;4JQX;4JRX;4JRY;4K71;4K7F;4KDT;4L29;4L3C;4L3E;4L4T;4L4V;4LCW;4LCY;4LHU;4LNR;4M8V;4MJ5;4MJ6;4MJI;4MNQ;4N0F;4N0U;4N8V;4NNX;4NNY;4NO0;4NO2;4NO3;4NO5;4NQC;4NQD;4NQE;4NQV;4NQX;4NT6;4O2C;4O2E;4O2F;4ONO;4PJ5;4PJ7;4PJ8;4PJ9;4PJA;4PJB;4PJC;4PJD;4PJE;4PJF;4PJG;4PJH;4PJI;4PJX;4PR5;4PRA;4PRB;4PRD;4PRE;4PRH;4PRI;4PRN;4PRP;4QOK;4QRP;4QRQ;4QRR;4QRS;4QRT;4QRU;4R9H;4RA3;4RAH;4RMQ;4RMR;4RMS;4RMT;4RMU;4RMV;4RMW;4U1H;4U1I;4U1J;4U1K;4U1L;4U1M;4U1N;4U1S;4U6X;4U6Y;4UQ2;4UQ3;4WC8;4WDI;4WJ5;4WO4;4WU5;4WU7;4WUU;4WW2;4WWK;4X0S;4X6C;4X6D;4X6E;4X6F;4XXC;4Z76;4Z77;4Z78;5B38;5B39;5BJT;5BRZ;5BS0;5BXF;5C07;5C08;5C09;5C0A;5C0B;5C0C;5C0D;5C0E;5C0F;5C0G;5C0I;5C0J;5C9J;5CFH;5CKA;5CKG;5CS7;5CSB;5CSG;5D2L;5D2N;5D5M;5D7I;5D7J;5D7L;5D9S;5DDH;5DEF;5DEG;5E00;5E6I;5E9D;5ENW;5EO0;5EO1;5EOT;5EU3;5EU4;5EU5;5EU6;5EUO;5F1I;5F7D;5F9J;5FA3;5FA4;5FDW;5GR7;5GRD;5GRG;5GSB;5GSD;5GSR;5GSV;5GSX;5HGA;5HGB;5HGD;5HGH;5HHM;5HHN;5HHO;5HHP;5HHQ;5HYJ;5IB1;5IB2;5IB3;5IB4;5IB5;5IEH;5IEK;5IM7;5INC;5IND;5IRO;5ISZ;5IUE;5J1A;5JHD;5JZI;5KNM;5L2J;5L2K;5MEN;5MEO;5MEP;5MEQ;5MER;5N1Y;5N6B;5NHT;5NME;5NMF;5NMG;5NMH;5NMK;5NQ1;5NQ3;5NQK;5OPI;5SWQ;5T6W;5T6X;5T6Y;5T6Z;5T70;5TEZ;5TRZ;5TS1;5TXS;5U16;5U17;5U1R;5U2V;5U6Q;5U72;5U98;5V5L;5V5M;5VGD;5VGE;5VUD;5VUE;5VUF;5VVP;5VWD;5VWF;5VWH;5VWJ;5VZ5;5W1V;5W1W;5W67;5W69;5W6A;5WER;5WHK;5WJL;5WJN;5WKE;5WKF;5WKG;5WKH;5WKI;5WL1;5WMN;5WMO;5WMP;5WMQ;5WMR;5WSH;5WWI;5WWJ;5WWU;5WXC;5WXD;5XOS;5XOT;5XOV;5YXN;5YXU;6AEE;6AM5;6AMT;6AMU;6APN;6AT5;6AT9;6AVF;6AVG;6BJ2;6BJ3;6BJ8;6BXP;6BXQ;6C09;6C15;6C97;6C98;6C99;6CUG;6D29;6D2B;6D2R;6D2T;6D64;6D78;6DKP;6EI2;6ENY;6EQA;6EQB;6EWA;6EWC;6EWO;6FGB;6G3J;6G3K;6GGM;6GH1;6GH4;6GHN;6GK3;6GL1;6ID4;6IEX;6ILM;6J1V;6J1W;6J29;6J2A;6J2E;6J2G;6J2H;6J2I;6J2J;6JOZ;6JP3;6JTN;6JTO;6JTP;6K60;6K7T;6LA6;6LA7;6M1B;6M24;6M2J;6M2K;6MPP;6MT3;6MT4;6MT5;6MT6;6MTL;6MTM;6MWR;6NCA;6NHA;6NPR;6NUX;6O4Y;6O4Z;6O51;6O53;6O9B;6O9C;6OPD;6P23;6P27;6P2C;6P2F;6P2S;6P64;6PA1;6PAG;6PBH;6PTB;6PTE;6PUC;6PUD;6PUE;6PUF;6PUG;6PUH;6PUI;6PUJ;6PUK;6PUL;6PUM;6PVC;6PVD;6PYJ;6PYL;6PYV;6PYW;6PZ5;6Q3K;6Q3S;6QIO;6QIP;6R2L;6RP9;6RPA;6RPB;6RSY;6SS7;6SS8;6SS9;6SSA;6TDO;6TDP;6TDQ;6TDR;6TDS;6TMO;6TRN;6TRO;6UJ7;6UJ8;6UJ9;6UJO;6UJQ;6UK2;6UK4;6ULI;6ULK;6ULN;6ULR;6UON;6UZ1;6UZM;6UZN;6UZO;6UZP;6UZQ;6UZS;6V2O;6V2P;6V2Q;6V3J;6V7Y;6V7Z;6V80;6VB0;6VB1;6VB2;6VB3;6VB4;6VB5;6VB6;6VB7;6VIU;6VM7;6VM8;6VM9;6VMA;6VMC;6VMX;6VPZ;6VQ2;6VQD;6VQE;6VQO;6VQY;6VQZ;6VR1;6VR5;6VRM;6VRN;6W51;6W9U;6W9V;6WNA;6WOL;6WZY;6X00;6XQA;6XQP;6Y26;6Y27;6Y28;6Y29;6Y2A;6Y2B;6Z9V;6Z9W;6Z9X;6ZKW;6ZKX;6ZKY;6ZKZ;7AFV;7ALO;7B5F;7BBG;7BH8;7C9V;7CIQ;7CIR;7CIS;7DUU;7DYN;7DZM;7DZN;7EDO;7EJL;7EJM;7EJN;7EU2;7F4W;7JWI;7JYU;7JYV;7JYW;7JYX;7K80;7K81;7KGO;7KGP;7KGQ;7KGR;7KGS;7KGT;7KOZ;7KP0;7KP1;7L1B;7L1C;7L1D;7LFZ;7LG0;7LG2;7LG3;7LGD;7LGT;7LLI;7LLJ;7M8S;7M8T;7M8U;7MJ6;7MJ7;7MJ8;7MJ9;7MJA;7MKB;7MLE;7MX4;7MXF;7MXH;7N1A;7N1B;7N1E;7N1F;7N2N;7N2O;7N2P;7N2Q;7N2R;7N2S;7N4K;7N5C;7N5P;7N5Q;7N6D;7N6E;7N9J;7NA5;7NDQ;7NDT;7NDU;7NMC;7NMD;7NME;7NMF;7NMG;7NMO;7NMR;7NMT;7NMV;7NMY;7NN5;7NUI;7OW3;7OW4;7OW5;7OW6;7P3D;7P3E;7P49;7P4B;7PB2;7PBC;7PBE;7PDW;7PHR;7Q15;7Q98;7Q99;7Q9A;7Q9B;7QNG;7QPD;7QPJ;7R7V;7R7W;7R7X;7R7Y;7R80;7RE7;7RE8;7RK7;7RM4;7RRG;7RTD;7RTR;7RYM;7RYN;7RYO;7RZD;7RZJ;7S79;7S7D;7S7E;7S7F;7S8A;7S8E;7S8F;7S8Q;7S8R;7S8S;7SA2;7SH4;7SIF;7SIG;7SIH;7SIS;7SU9;7T0L;7T5M;7TLT;7TR4;7TUC;7TUD;7TUE;7U1R;7U21;7UC5;7UFJ;7UM2;7UMG;7UR1;7WJ2;7WJ3;7WKJ;7WT3;7WT4;7WT5;7WZZ;7X00;7X1B;7X1C;7XF3;7ZUC;8A7O;8A7P;8A7Q;8A7T;8CX4;8DV3;8DV4;8EB2;8ERX;8ES8;8ES9;8ESH;8GOM;8GON;8GVB;8GVG;8GVI;
1P7Q	Q8NHL6	MTPILTVLICLGLSLGPRTHVQAGHLPKPTLWAEPGSVITQGSPVTLRCQGGQETQEYRLYREKKTALWITRIPQELVKKGQFPIPSITWEHAGRYRCYYGSDTAGRSESSDPLELVVTGAYIKPTLSAQPSPVVNSGGNVILQCDSQVAFDGFSLCKEGEDEHPQCLNSQPHARGSSRAIFSVGPVSPSRRWWYRCYAYDSNSPYEWSLPSDLLELLVLGVSKKPSLSVQPGPIVAPEETLTLQCGSDAGYNRFVLYKDGERDFLQLAGAQPQAGLSQANFTLGPVSRSYGGQYRCYGAHNLSSEWSAPSDPLDILIAGQFYDRVSLSVQPGPTVASGENVTLLCQSQGWMQTFLLTKEGAADDPWRLRSTYQSQKYQAEFPMGPVTSAHAGTYRCYGSQSSKPYLLTHPSDPLELVVSGPSGGPSSPTTGPTSTSGPEDQPLTPTGSDPQSGLGRHLGVVIGILVAVILLLLLLLLLFLILRHRRQGKHWTSTQRKADFQHPAGAVGPEPTDRGLQWRSSPAADAQEENLYAAVKHTQPEDGVEMDTRSPHDEDPQAVTYAEVKHSRPRREMASPPSPLSGEFLDTKDRQAEEDRQMDTEAAASEAPQDVTYAQLHSLTLRREATEPPPSQEGPSPAVPSIYATLAIH	1G0X;1P7Q;1UFU;1UGN;1VDG;3D2U;4LL9;4NO0;5KNM;6AEE;6EWA;6EWC;6EWO;6K60;6ZDX;7KFK;
1HCL	P24941	MENFQKVEKIGEGTYGVVYKARNKLTGEVVALKKIRLDTETEGVPSTAIREISLLKELNHPNIVKLLDVIHTENKLYLVFEFLHQDLKKFMDASALTGIPLPLIKSYLFQLLQGLAFCHSHRVLHRDLKPQNLLINTEGAIKLADFGLARAFGVPVRTYTHEVVTLWYRAPEILLGCKYYSTAVDIWSLGCIFAEMVTRRALFPGDSEIDQLFRIFRTLGTPDEVVWPGVTSMPDYKPSFPKWARQDFSKVVPPLDEDGRSLLSQMLHYDPNKRISAKAALAHPFFQDVTKPVPHLRL	1AQ1;1B38;1B39;1BUH;1CKP;1DI8;1DM2;1E1V;1E1X;1E9H;1F5Q;1FIN;1FQ1;1FVT;1FVV;1G5S;1GIH;1GII;1GIJ;1GY3;1GZ8;1H00;1H01;1H07;1H08;1H0V;1H0W;1H1P;1H1Q;1H1R;1H1S;1H24;1H25;1H26;1H27;1H28;1HCK;1HCL;1JST;1JSU;1JSV;1JVP;1KE5;1KE6;1KE7;1KE8;1KE9;1OGU;1OI9;1OIQ;1OIR;1OIT;1OIU;1OIY;1OKV;1OKW;1OL1;1OL2;1P2A;1P5E;1PF8;1PKD;1PW2;1PXI;1PXJ;1PXK;1PXL;1PXM;1PXN;1PXO;1PXP;1PYE;1QMZ;1R78;1URC;1URW;1V1K;1VYW;1VYZ;1W0X;1W8C;1W98;1WCC;1Y8Y;1Y91;1YKR;2A0C;2A4L;2B52;2B53;2B54;2B55;2BHE;2BHH;2BKZ;2BPM;2BTR;2BTS;2C4G;2C5N;2C5O;2C5V;2C5X;2C5Y;2C68;2C69;2C6I;2C6K;2C6L;2C6M;2C6O;2C6T;2CCH;2CCI;2CJM;2CLX;2DS1;2DUV;2EXM;2FVD;2G9X;2I40;2IW6;2IW8;2IW9;2J9M;2JGZ;2R3F;2R3G;2R3H;2R3I;2R3J;2R3K;2R3L;2R3M;2R3N;2R3O;2R3P;2R3Q;2R3R;2R64;2UUE;2UZB;2UZD;2UZE;2UZL;2UZN;2UZO;2V0D;2V22;2VTA;2VTH;2VTI;2VTJ;2VTL;2VTM;2VTN;2VTO;2VTP;2VTQ;2VTR;2VTS;2VTT;2VU3;2VV9;2W05;2W06;2W17;2W1H;2WEV;2WFY;2WHB;2WIH;2WIP;2WMA;2WMB;2WPA;2WXV;2X1N;2XMY;2XNB;3BHT;3BHU;3BHV;3DDP;3DDQ;3DOG;3EID;3EJ1;3EOC;3EZR;3EZV;3F5X;3FZ1;3IG7;3IGG;3LE6;3LFN;3LFQ;3LFS;3MY5;3NS9;3PJ8;3PXF;3PXQ;3PXR;3PXY;3PXZ;3PY0;3PY1;3QHR;3QHW;3QL8;3QQF;3QQG;3QQH;3QQJ;3QQK;3QQL;3QRT;3QRU;3QTQ;3QTR;3QTS;3QTU;3QTW;3QTX;3QTZ;3QU0;3QWJ;3QWK;3QX2;3QX4;3QXO;3QXP;3QZF;3QZG;3QZH;3QZI;3R1Q;3R1S;3R1Y;3R28;3R6X;3R71;3R73;3R7E;3R7I;3R7U;3R7V;3R7Y;3R83;3R8L;3R8M;3R8P;3R8U;3R8V;3R8Z;3R9D;3R9H;3R9N;3R9O;3RAH;3RAI;3RAK;3RAL;3RJC;3RK5;3RK7;3RK9;3RKB;3RM6;3RM7;3RMF;3RNI;3ROY;3RPO;3RPR;3RPV;3RPY;3RZB;3S00;3S0O;3S1H;3S2P;3SQQ;3SW4;3SW7;3TI1;3TIY;3TIZ;3TNW;3ULI;3UNJ;3UNK;3WBL;4ACM;4BCK;4BCM;4BCN;4BCO;4BCP;4BCQ;4BGH;4BZD;4CFM;4CFN;4CFU;4CFV;4CFW;4CFX;4D1X;4D1Z;4EK3;4EK4;4EK5;4EK6;4EK8;4EOI;4EOJ;4EOK;4EOL;4EOM;4EON;4EOO;4EOP;4EOQ;4EOR;4EOS;4ERW;4EZ3;4EZ7;4FKG;4FKI;4FKJ;4FKL;4FKO;4FKP;4FKQ;4FKR;4FKS;4FKT;4FKU;4FKV;4FKW;4FX3;4GCJ;4I3Z;4II5;4KD1;4LYN;4NJ3;4RJ3;5A14;5AND;5ANE;5ANG;5ANI;5ANJ;5ANK;5ANO;5CYI;5D1J;5FP5;5FP6;5IEV;5IEX;5IEY;5IF1;5JQ5;5JQ8;5K4J;5L2W;5LMK;5MHQ;5NEV;5OO0;5OO1;5OO3;5OSJ;5OSM;5UQ1;5UQ2;5UQ3;6ATH;6GUB;6GUC;6GUE;6GUF;6GUH;6GUK;6GVA;6INL;6JGM;6OQI;6P3W;6Q3B;6Q3C;6Q3F;6Q48;6Q49;6Q4A;6Q4B;6Q4C;6Q4D;6Q4E;6Q4F;6Q4G;6Q4H;6Q4I;6Q4J;6Q4K;6RIJ;6SG4;6YL1;6YL6;6YLK;7ACK;7B5L;7B5R;7B7S;7E34;7KJS;7M2F;7MKX;7NVQ;7QHL;7RA5;7RWE;7RWF;7RXO;7S4T;7S7A;7S84;7S85;7S9X;7SA0;7UG1;7UXI;7UXK;7VDU;7ZPC;8B54;8CUR;8H6P;8H6T;
1BI7	P42771	MEPAAGSSMEPSADWLATAAARGRVEEVRALLEAGALPNAPNSYGRRPIQVMMMGSARVAELLLLHGAEPNCADPATLTRPVHDAAREGFLDTLVVLHRAGARLDVRDAWGRLPVDLAEELGHRDVARYLRAAAGGTRGSNHARIDAAEGPSDIPD	1A5E;1BI7;1DC2;2A5E;7OZT;
1BI7	Q00534	MEKDGLCRADQQYECVAEIGEGAYGKVFKARDLKNGGRFVALKRVRVQTGEEGMPLSTIREVAVLRHLETFEHPNVVRLFDVCTVSRTDRETKLTLVFEHVDQDLTTYLDKVPEPGVPTETIKDMMFQLLRGLDFLHSHRVVHRDLKPQNILVTSSGQIKLADFGLARIYSFQMALTSVVVTLWYRAPEVLLQSSYATPVDLWSVGCIFAEMFRRKPLFRGSSDVDQLGKILDVIGLPGEEDWPRDVALPRQAFHSKSAQPIEKFVTDIDELGKDLLLKCLTFNPAKRISAYSALSHPYFQDLERCKENLDSHLPPSQNTSELNTA	1BI7;1BI8;1BLX;1G3N;1JOW;1XO2;2EUF;2F2C;3NUP;3NUX;4AUA;4EZ5;4TTH;5L2I;5L2S;5L2T;6OQL;6OQO;
2FIF	O18973	MSLKSERRGIHVDQSELLCKKGCGYYGNPAWQGFCSKCWREEYHKARQKQIQEDWELAERLQREEEEAFASSQSSQGAQSLTFSKFEEKKTNEKTRKVTTVKKFFSASSRVGAKKAEIQEAKAPSPSINRQTSIETDRVSKEFIEFLKTFHKTGQEIYKQTKLFLEAMHYKRDLSIEEQSECTQDFYQNVAERMQTRGKVPPERVEKIMDQIEKYIMTRLYKYVFCPETTDDEKKDLAIQKRIRALHWVTPQMLCVPVNEEIPEVSDMVVKAITDIIEMDSKRVPRDKLACITKCSKHIFNAIKITKNEPASADDFLPTLIYIVLKGNPPRLQSNIQYITRFCNPSRLMTGEDGYYFTNLCCAVAFIEKLDAQSLNLSQEDFDRYMSGQTSPRKQESENWSPDACLGVKQMYKNLDLLSQLNERQERIMNEAKKLEKDLIDWTDGIAKEVQDIVEKYPLEIRPPNQSVAAIDSENVENDKLPPPLQPQVYAG	2FID;2FIF;
2FIF	P0CH28	MQIFVKTLTGKTITLEVEPSDTIENVKGKIQEKEGIPPDQQRLIFAGKQLEDGRTLSDYNIQKESTLHLVLRLRGGMQIFVKTLTGKTITLEVEPSDTIENVKAKIQDKEGIPPDQQRLIFAGKQLEDGRTLSDYNIQKESTLHLVLRLRGGMQIFVKTLTGKTITLEVEPSDTIENVKAKIQDKEGIPPDQQRLIFAGKQLEDGRTLSDYNIQKESTLHLVLRLRGGMQIFVKTLTGKTITLEVEPSDTIENVKAKIQDKEGIPPDQQRLIFAGKQLEDGRTLSDYNIQKESTLHLVLRLRGGMQIFVKTLTGKTITLEVEPSDTIENVKAKIQDKEGIPPDQQRLIFAGKQLEDGRTLSDYNIQKESTLHLVLRLRGGMQIFVKTLTGKTITLEVEPSDTIENVKAKIQDKEGIPPDQQRLIFAGKQLEDGRTLSDYNIQKESTLHLVLRLRGGMQIFVKTLTGKTITLEVEPSDTIENVKAKIQDKEGIPPDQQRLIFAGKQLEDGRTLSDYNIQKESTLHLVLRLRGGMQIFVKTLTGKTITLEVEPSDTIENVKAKIQDKEGIPPDQQRLIFAGKQLEDGRTLSDYNIQKESTLHLVLRLRGGMQIFVKTLTGKTITLEVEPSDTIENVKAKIQDKEGIPPDQQRLIFAGKQLEDGRTLSDYNIQKESTLHLVLRLRGGVLSSPF	1AAR;1E0Q;1P3Q;1UZX;1V80;1V81;1WR6;1WRD;1YD8;2C7M;2C7N;2D3G;2DX5;2FID;2FIF;2HD5;2OOB;2QHO;2WWZ;2WX0;2WX1;2XBB;2ZCC;3H1U;3M3J;4BBN;4XKH;4XYZ;6A42;
